Month,Advances,Declines,Total,AD_Ratio,NetAdvances,AD_Line_Monthly,AD_Ratio_Rolling,BreadthPositive
2021-01-01,886,1068,1954,0.8295880149812734,-182,-182,,False
2021-02-01,978,950,1928,1.0294736842105263,28,-154,,True
2021-03-01,881,1072,1953,0.8218283582089553,-191,-345,0.893630019133585,False
2021-04-01,1031,899,1930,1.1468298109010011,132,-213,0.9993772844401608,True
2021-05-01,1082,879,1961,1.2309442548350398,203,-10,1.0665341413149987,True
2021-06-01,1021,976,1997,1.0461065573770492,45,35,1.1412935410376965,True
2021-07-01,996,996,1992,1.0,0,35,1.092350270737363,False
2021-08-01,911,1097,2008,0.8304466727438469,-186,-151,0.9588510767069653,False
2021-09-01,989,1022,2011,0.9677103718199609,-33,-184,0.9327190148546025,False
2021-10-01,958,1091,2049,0.8780934922089826,-133,-317,0.8920835122575967,False
2021-11-01,982,1069,2051,0.9186155285313377,-87,-404,0.9214731308534271,False
2021-12-01,1125,964,2089,1.1670124481327802,161,-243,0.9879071562910334,True
2022-01-01,1064,1069,2133,0.9953227315247896,-5,-248,1.0269835693963023,False
2022-02-01,921,1208,2129,0.7624172185430463,-287,-535,0.9749174660668719,False
2022-03-01,1042,1088,2130,0.9577205882352942,-46,-581,0.9051535127677101,False
2022-04-01,1081,1069,2150,1.011225444340505,12,-569,0.9104544170396153,True
2022-05-01,927,1232,2159,0.752435064935065,-305,-874,0.9071270325036215,False
2022-06-01,944,1190,2134,0.7932773109243697,-246,-1120,0.8523126067333132,False
2022-07-01,1157,967,2124,1.1964839710444675,190,-930,0.9140654489679673,True
2022-08-01,1141,1016,2157,1.1230314960629921,125,-805,1.0375975926772762,True
2022-09-01,1007,1181,2188,0.8526672311600338,-174,-979,1.0573942327558312,False
2022-10-01,1057,1129,2186,0.9362267493356953,-72,-1051,0.9706418255195738,False
2022-11-01,1082,1123,2205,0.9634906500445236,-41,-1092,0.9174615435134176,False
2022-12-01,1059,1175,2234,0.9012765957446809,-116,-1208,0.9336646650416333,False
2023-01-01,990,1248,2238,0.7932692307692307,-258,-1466,0.8860121588528118,False
2023-02-01,915,1320,2235,0.6931818181818182,-405,-1871,0.7959092148985766,False
2023-03-01,1033,1233,2266,0.83779399837794,-200,-2071,0.7747483491096631,False
2023-04-01,1309,962,2271,1.3607068607068606,347,-1724,0.9638942257555397,True
2023-05-01,1149,1128,2277,1.0186170212765957,21,-1703,1.072372626787132,True
2023-06-01,1191,1133,2324,1.0511915269196823,58,-1645,1.1435051363010462,True
2023-07-01,1168,1134,2302,1.0299823633156966,34,-1611,1.033263637170658,True
2023-08-01,1170,1176,2346,0.9948979591836735,-6,-1617,1.025357283139684,False
2023-09-01,1182,1204,2386,0.9817275747508306,-22,-1639,1.0022026324167335,False
2023-10-01,1153,1263,2416,0.9129057798891528,-110,-1749,0.9631771046078855,False
2023-11-01,1296,1136,2432,1.1408450704225352,160,-1589,1.0118261416875063,True
2023-12-01,1283,1189,2472,1.07905803195963,94,-1495,1.0442696274237726,True
2024-01-01,1257,1511,2768,0.8318994043679683,-254,-1749,1.0172675022500444,False
2024-02-01,1161,1368,2529,0.8486842105263158,-207,-1956,0.9198805489513046,False
2024-03-01,1100,1472,2572,0.7472826086956522,-372,-2328,0.8092887411966454,False
2024-04-01,1409,1162,2571,1.2125645438898451,247,-2081,0.936177121037271,True
2024-05-01,1159,1412,2571,0.8208215297450425,-253,-2334,0.9268895607768467,False
2024-06-01,1457,1174,2631,1.2410562180579217,283,-2051,1.091480763897603,True
2024-07-01,1365,1306,2671,1.045176110260337,59,-1992,1.0356846193544336,True
2024-08-01,1312,1384,2696,0.9479768786127167,-72,-2064,1.0780697356436584,False
2024-09-01,1275,1465,2740,0.8703071672354948,-190,-2254,0.9544867187028494,False
2024-10-01,1257,1511,2768,0.8318994043679683,-254,-2508,0.8833944834053932,False
2024-11-01,1375,1407,2782,0.9772565742714996,-32,-2540,0.8931543819583209,False
2024-12-01,1304,1492,2796,0.8739946380697051,-188,-2728,0.8943835389030577,False
2025-01-01,1275,1537,2812,0.8295380611581002,-262,-2990,0.8935964244997683,False
2025-02-01,1066,1755,2821,0.6074074074074074,-689,-3679,0.7703133688784042,False
2025-03-01,1441,1446,2887,0.9965421853388658,-5,-3684,0.8111625513014578,False
2025-04-01,1572,1303,2875,1.2064466615502687,269,-3415,0.9367987514321805,True
2025-05-01,1537,1320,2857,1.1643939393939393,217,-3198,1.1224609287610245,True
2025-06-01,1452,1431,2883,1.0146750524109014,21,-3177,1.1285052177850365,True
2025-07-01,1298,1623,2921,0.7997535428219347,-325,-3502,0.9929408448755916,False
2025-08-01,1316,1641,2957,0.8019500304692261,-325,-3827,0.8721262085673539,False
2025-09-01,1455,1555,3010,0.9356913183279743,-100,-3927,0.8457982972063781,False
2025-10-01,1660,1588,3248,1.0453400503778338,72,-3855,0.927660466391678,True
2025-11-01,1556,1782,3338,0.8731762065095399,-226,-4081,0.9514025250717825,False
2025-12-01,1584,1742,3326,0.9092996555683123,-158,-4239,0.9426053041518951,False
2026-01-01,1492,1866,3358,0.7995712754555199,-374,-4613,0.8606823791777906,False
2026-02-01,1700,1724,3424,0.9860788863109049,-24,-4637,0.8983166057782453,False
2026-03-01,1482,2020,3502,0.7336633663366336,-538,-5175,0.8397711760343526,False
2026-04-01,2146,1373,3519,1.5630007283321194,773,-4402,1.0942476603265525,True
2026-05-01,1779,1729,3508,1.0289184499710815,50,-4352,1.1085275148799447,True
2026-06-01,1781,1742,3523,1.0223880597014925,39,-4313,1.2047690793348975,True
2026-07-01,1765,1774,3539,0.9949267192784668,-9,-4322,1.0154110763170132,False
2026-08-01,1844,1848,3692,0.9978354978354979,-4,-4326,1.0050500922718189,False
