Symbol,Date,VolumeShockRatio,SameDayReturn,Direction
infy,2011-04-15,10.91616540887384,-0.09570477918935272,Down
tcs,2011-04-21,5.578055104232334,-0.021826536473291358,Down
sbin,2011-05-17,5.143290766719075,-0.07720236957768012,Down
lt,2011-05-19,5.815753041336878,0.05837999253452786,Up
asianpaint,2011-05-25,6.030398925968546,0.01450987008604665,Up
ntpc,2011-05-31,13.098407430072571,0.0028612303290413976,Up
bajfinance,2011-06-03,6.864255205552589,-0.007936507936507908,Down
kotakbank,2011-06-14,6.54549517228362,0.01014656144306647,Up
titan,2011-06-23,43.68523839588375,0.06663560111835976,Up
bajfinance,2011-06-27,8.938192011212333,0.02586206896551735,Up
ongc,2011-06-27,5.482050347733408,0.04179268627990096,Up
titan,2011-07-07,16.368546333004005,0.025005581603036564,Up
bajfinance,2011-07-13,116.839663629993,0.08730158730158721,Up
kotakbank,2011-07-13,5.584560115461848,0.03046218487394947,Up
hdfcbank,2011-07-19,6.447575598774661,-0.008155339805825168,Down
titan,2011-07-21,8.089836966982158,-0.03193096008629992,Down
maruti,2011-07-26,5.948950765489071,-0.0036402116402115547,Down
hindunilvr,2011-07-28,5.005866564354309,-0.009662576687116453,Down
hdfcbank,2011-08-08,5.93334379979315,-0.023255813953488413,Down
bajfinance,2011-08-09,13.299410264583997,-0.014705882352941124,Down
kotakbank,2011-10-14,10.088313305839216,0.0031645569620253333,Up
bajfinance,2011-10-19,6.418983431620331,0.007407407407407307,Up
hdfcbank,2011-10-25,6.825187521217713,-0.03385631709331127,Down
bhartiartl,2011-11-30,11.475620372493715,0.03318169654803338,Up
icicibank,2011-11-30,7.783441496032,-0.029224428624953003,Down
asianpaint,2012-01-06,7.1171505581928916,-0.004117536964252211,Down
infy,2012-01-12,5.975306436608596,-0.08434757996037368,Down
bajfinance,2012-01-13,5.3942890106720505,-0.007692307692307665,Down
maruti,2012-01-17,5.825266109907477,0.09949903278607208,Up
asianpaint,2012-01-25,5.203842455688394,0.01568907113567497,Up
bajfinance,2012-02-01,8.018403719488571,0.040000000000000036,Up
bajfinance,2012-03-02,6.8724084975684665,0.01298701298701288,Up
itc,2012-03-16,6.648357205380162,0.034829443447037756,Up
sunpharma,2012-03-16,5.316881571063901,-0.06923601637107779,Down
infy,2012-04-13,9.636418022366616,-0.12652705061082026,Down
tcs,2012-04-24,7.271737594460663,0.12215748919376046,Up
bajfinance,2012-05-16,5.124718231672442,-0.02857142857142858,Down
asianpaint,2012-05-31,5.250778540830897,0.05371413598847119,Up
maruti,2012-05-31,5.246031455945943,-0.04413361713218367,Down
bhartiartl,2012-06-04,5.479341348434211,-0.020940668107030103,Down
infy,2012-07-12,7.271769673836088,-0.0836840401424408,Down
bajfinance,2012-07-17,16.361607742976208,0.01041666666666674,Up
maruti,2012-07-19,12.764414506393065,-0.08910810370128808,Down
asianpaint,2012-07-20,5.537573471819074,0.027079303675048294,Up
hindunilvr,2012-07-24,6.951660681335411,0.07506490574556945,Up
bhartiartl,2012-08-08,11.216500618925046,-0.06620149761742677,Down
bajfinance,2012-08-09,5.192233781724206,0.03755868544600949,Up
bajfinance,2012-09-03,10.484334796428032,-0.004761904761904856,Down
bajfinance,2012-09-21,5.501804743898247,-0.004566210045662045,Down
infy,2012-10-12,7.913053477726917,-0.05447655139744201,Down
bajfinance,2012-10-19,8.150334216168496,-0.015503875968992276,Down
titan,2012-11-01,7.182555530617329,0.0996914770536057,Up
bajfinance,2012-11-29,14.386632990091316,-0.007299270072992692,Down
bajfinance,2012-12-19,45.627768987341774,0.007751937984496138,Up
itc,2012-12-21,5.146825144269168,-0.00026123301985381264,Down
infy,2013-01-11,13.346807894077143,0.16775749224939718,Up
bajfinance,2013-01-15,8.910542594768264,0.007168458781362075,Up
ongc,2013-01-18,7.490054412155156,0.0739327450512759,Up
hindunilvr,2013-01-22,8.063843633194468,-0.03288084464555052,Down
kotakbank,2013-01-22,5.111643511694456,0.015847860538827252,Up
lt,2013-01-24,5.651103153977776,0.015277077178064369,Up
axisbank,2013-01-29,6.648370092335904,0.04423213021939132,Up
ntpc,2013-02-07,13.279261453640272,-0.02450592885375491,Down
bajfinance,2013-02-13,5.079199514857489,0.016129032258064502,Up
ntpc,2013-02-28,13.716657550531318,-0.019110764430577132,Down
asianpaint,2013-03-15,5.2476038609645625,0.02266925354845295,Up
titan,2013-03-15,6.032394524021636,0.05673139864717425,Up
bajfinance,2013-04-03,5.230554829718666,0.021186440677966045,Up
infy,2013-04-12,13.231943778535115,-0.2125908654505555,Down
bajfinance,2013-04-22,5.11311221859426,0.042735042735042805,Up
maruti,2013-04-26,6.153462413758905,0.051667242842327044,Up
hindunilvr,2013-04-29,5.32559735611188,0.06945489732286858,Up
bajfinance,2013-05-08,5.127471531357997,0.0625,Up
bajfinance,2013-06-11,14.471780706477212,0.0,Down
titan,2013-06-12,17.789661272379007,-0.13764755480607072,Down
hindunilvr,2013-06-24,5.218996826612602,-0.011343435198509999,Down
ongc,2013-06-28,6.995680992434901,0.033957845433255196,Up
bajfinance,2013-07-02,10.47137000616275,-0.01388888888888895,Down
infy,2013-07-12,8.523070772722583,0.10900174023097597,Up
bajfinance,2013-07-16,7.004313925135983,-0.04054054054054068,Down
hindunilvr,2013-07-17,10.050763562986575,0.09942224362060648,Up
lt,2013-07-22,5.858829637374925,-0.07445907445907451,Down
asianpaint,2013-07-30,13.018780192799356,-0.002051582649472472,Down
bajfinance,2013-08-12,14.415742320819113,0.07619047619047636,Up
asianpaint,2013-08-14,10.697921765242814,-0.011819524946016569,Down
kotakbank,2013-08-20,7.119056334555995,0.020933977455716457,Up
asianpaint,2013-08-29,13.668718062447445,0.02857142857142847,Up
axisbank,2013-08-30,7.466186560307338,-0.020863943579194855,Down
kotakbank,2013-09-16,5.988294585387922,-0.006983240223463638,Down
maruti,2013-10-29,7.350408466377653,0.08054977368090666,Up
titan,2013-11-26,5.923196878950064,-0.01664476565922035,Down
bajfinance,2013-12-04,6.033387119265324,-0.006802721088435382,Down
ntpc,2013-12-10,20.396216813478006,-0.11336982017200936,Down
maruti,2014-01-28,11.54346453304599,-0.08006814310051102,Down
titan,2014-01-30,6.0146835625336905,0.037968786396459286,Up
ntpc,2014-02-24,7.559444251477947,-0.11775362318840576,Down
bajfinance,2014-03-03,9.140673339399454,0.01273885350318471,Up
infy,2014-03-13,5.536885804431476,-0.08542166049248201,Down
bajfinance,2014-03-20,5.259931302270012,-0.0119760479041916,Down
axisbank,2014-03-21,6.112909093993828,0.027261005710075725,Up
sunpharma,2014-04-09,6.50388060287018,0.0712463866689339,Up
bajfinance,2014-04-10,11.93041842971321,0.017094017094017033,Up
ntpc,2014-05-19,5.277724511919181,0.10670314637482892,Up
titan,2014-05-22,6.228935106878062,0.06748268642293431,Up
infy,2014-05-29,5.519338960902333,-0.0784066557418378,Down
hindunilvr,2014-05-30,9.523026149740904,0.08428430227333994,Up
ongc,2014-06-06,5.067776979530283,0.11093218822687412,Up
asianpaint,2014-06-09,5.607182136669976,0.04501830414564156,Up
kotakbank,2014-07-07,19.53911465877744,-0.012471655328798237,Down
axisbank,2014-07-28,5.33369389056479,-0.004532292584665587,Down
sunpharma,2014-09-26,5.211273626771024,0.04178237003551821,Up
infy,2014-10-10,6.911721402529682,0.06635954809696165,Up
tcs,2014-10-17,5.500385584746079,-0.08845823531608232,Down
titan,2014-10-31,6.87501685449727,-0.061754887935145386,Down
sbin,2014-11-20,11.008600017821035,0.020786806390654666,Up
kotakbank,2014-11-21,7.411953280901514,0.03674881106787731,Up
titan,2014-12-01,5.035951923514481,0.052177430227854815,Up
icicibank,2014-12-04,5.620192728135417,0.009350091968117757,Up
sbin,2014-12-04,7.941296624507029,0.007391099229438591,Up
infy,2014-12-08,40.518141763450835,-0.04839644513137564,Down
sbin,2014-12-18,9.262435711955295,0.017729908864954513,Up
icicibank,2014-12-19,8.686121359791839,0.02974864778873676,Up
infy,2014-12-24,5.083883415853459,-0.020795293162913397,Down
icicibank,2015-01-07,6.794525943045826,-0.027052681537731438,Down
infy,2015-01-09,6.526938281217721,0.05118070335461633,Up
bajfinance,2015-01-14,26.258756209520218,0.08477011494252884,Up
hindunilvr,2015-01-19,8.021338468945595,-0.051538175442325085,Down
maruti,2015-01-27,5.262688613128771,0.022513655141819466,Up
titan,2015-01-28,8.73437628172954,0.08136777736178713,Up
itc,2015-02-28,8.053925809641132,-0.08211087826252617,Down
hdfcbank,2015-03-26,5.772647412802285,-0.02630052214271905,Down
sunpharma,2015-04-21,124.3079926933624,-0.08775627514849582,Down
infy,2015-04-24,6.406898937199659,-0.05975494816211124,Down
maruti,2015-04-27,7.5276644837722415,0.030214039645338087,Up
titan,2015-05-08,7.559543266852047,-0.04316060073061834,Down
asianpaint,2015-05-18,5.934767130190943,-0.029798810578261392,Down
sbin,2015-05-22,5.024003112288414,-0.026873385012919915,Down
bajfinance,2015-05-29,10.627973914998876,-0.0474576271186441,Down
bhartiartl,2015-05-29,13.189486885171247,0.05607940446650139,Up
ntpc,2015-05-29,12.226302921038585,0.01426024955436711,Up
bajfinance,2015-06-22,5.153784955646604,0.043604651162790775,Up
bajfinance,2015-07-09,5.374868124661401,-0.03923444976076551,Down
infy,2015-07-21,8.824386469682182,0.11126648022373131,Up
sunpharma,2015-07-21,9.59277762444052,-0.15058016877637126,Down
kotakbank,2015-07-31,6.282745329040302,-0.029647715381932338,Down
titan,2015-07-31,6.536602398254179,-0.04471664698937439,Down
ntpc,2015-08-24,5.693791692860293,-0.06562955760816724,Down
titan,2015-08-27,6.074365965377631,0.06866820631254811,Up
bajfinance,2015-09-18,6.123606005856333,-0.045192307692307754,Down
maruti,2015-10-05,6.329662015826063,-0.03630726909515647,Down
ntpc,2015-10-16,5.080706514952221,0.014402304368698937,Up
bajfinance,2015-10-20,7.127980516906115,0.05882352941176472,Up
titan,2015-11-02,7.164693935037451,0.01900271467352499,Up
maruti,2015-11-30,15.54141956793968,0.005862381415050022,Up
sunpharma,2015-12-04,8.54691924146973,0.039207593891869674,Up
itc,2015-12-07,5.629651135815743,-0.0665327081937932,Down
titan,2015-12-11,6.097484518462538,-0.028118538938663007,Down
titan,2015-12-31,7.319044671572805,-0.00771759325425192,Down
reliance,2016-01-13,5.5649088330086,0.03003634972259417,Up
infy,2016-01-14,5.5862112809769275,0.04578179804319715,Up
bajfinance,2016-02-03,12.74877588524772,0.09810671256454384,Up
sbin,2016-02-11,5.3202048652966685,-0.029874213836478036,Down
ntpc,2016-02-24,5.249857091743251,-0.04120213281628693,Down
axisbank,2016-02-29,7.970280806407987,-0.027436262456322025,Down
itc,2016-02-29,8.561177773464705,0.016241299303944245,Up
kotakbank,2016-03-11,5.050000441061016,-0.0179526355996944,Down
bajfinance,2016-05-24,5.759015834152803,-0.003919007184846501,Down
lt,2016-05-26,7.885600920575234,0.14133906277219688,Up
bhartiartl,2016-05-31,7.563976482221943,-0.012644001123911175,Down
hindunilvr,2016-05-31,9.114496275363534,-0.0071984549657634345,Down
ntpc,2016-05-31,10.118854193846252,-0.0029251984956122357,Down
sunpharma,2016-05-31,6.667936730041768,-0.060768378278537205,Down
titan,2016-05-31,19.042989573178946,-0.008389492504469853,Down
infy,2016-07-15,11.61251589578372,-0.08816527801394325,Down
ntpc,2016-07-15,6.529276013229068,-0.015500945179584225,Down
tcs,2016-07-15,5.340596037139088,-0.03037392442206266,Down
bajfinance,2016-07-26,11.866958647129618,0.09571508069003909,Up
asianpaint,2016-07-28,7.120165170793291,0.06234695799585621,Up
axisbank,2016-08-31,17.27865429887856,0.009642222786095056,Up
bhartiartl,2016-09-01,15.053772633409181,-0.06271671943313717,Down
bajfinance,2016-09-08,17.867728755441256,0.021071115013169273,Up
bajfinance,2016-09-23,9.530877582029486,-0.0013297872340424233,Down
kotakbank,2016-09-29,38.13943194393213,-0.012464046021092967,Down
titan,2016-10-13,5.245581227067606,-0.0383948476591528,Down
infy,2016-10-14,5.136882720574294,-0.02385251354176554,Down
lt,2016-11-04,9.88500825938075,-0.016877856252596635,Down
sunpharma,2016-11-04,9.175673640115914,-0.07411355077097981,Down
bajfinance,2016-11-09,5.167315216677785,-0.055894308943089444,Down
titan,2016-11-09,5.500962527430793,-0.06021824060352943,Down
asianpaint,2016-11-15,6.318424200154243,-0.07430115348643873,Down
maruti,2016-11-15,5.093854065155898,-0.056025709694697334,Down
infy,2017-01-13,5.058577039746458,-0.0242,Down
tcs,2017-01-13,5.3947255381375205,-0.04052382374269503,Down
bhartiartl,2017-01-25,5.63647828852313,-0.016271721958925678,Down
kotakbank,2017-01-25,7.541330201902499,0.06996300033636071,Up
icicibank,2017-01-27,6.847809015737485,0.04633939906897999,Up
ongc,2017-01-31,8.226913419587978,0.003467921724052525,Up
titan,2017-02-08,10.94151321804571,0.08171305121362327,Up
hdfcbank,2017-02-17,89.10477886613238,0.03689759036144569,Up
reliance,2017-02-22,10.910877652325858,0.10972247748575614,Up
bhartiartl,2017-02-23,13.623367332275997,0.01454293628808867,Up
itc,2017-03-17,5.719225990870861,0.04768113242689509,Up
kotakbank,2017-03-22,6.458446692233047,0.003199534613147037,Up
hdfcbank,2017-03-30,6.918830109822854,0.026319473610527888,Up
icicibank,2017-05-04,7.435720034491804,0.09195402298850586,Up
bhartiartl,2017-05-10,7.2272792675648025,0.07965242577842147,Up
tatasteel,2017-05-17,10.005734417450645,0.08214676889375694,Up
sunpharma,2017-05-29,17.464847276997766,-0.11459526116444985,Down
icicibank,2017-05-31,7.749321046239206,0.015571526351813914,Up
titan,2017-06-05,24.425452849362664,0.1697933227344992,Up
itc,2017-07-03,5.334442909388638,0.05824192800865147,Up
itc,2017-07-18,15.594282494556387,-0.12486544671689981,Down
kotakbank,2017-07-20,7.762717083183404,-0.014332411365350683,Down
reliance,2017-07-21,6.898561980960003,0.036760858189429646,Up
hdfcbank,2017-07-24,5.090147943549994,0.01879036993540817,Up
titan,2017-08-04,11.240082740983114,0.09524236179553824,Up
sbin,2017-08-11,5.540257598709894,-0.05578024941017867,Down
infy,2017-08-18,26.57386568253658,-0.09561128526645757,Down
ntpc,2017-08-29,5.218750567682626,-0.02804709141274242,Down
bajfinance,2017-09-07,5.487592412982458,0.05594405594405605,Up
bhartiartl,2017-09-28,5.8926592457502345,-0.010104935872522258,Down
hdfcbank,2017-09-28,6.207223392976701,0.010583201981535728,Up
bhartiartl,2017-10-13,16.357915471732685,0.07657713928794507,Up
axisbank,2017-10-18,9.315572668694323,-0.09480658676800147,Down
icicibank,2017-10-25,10.67666641964829,0.14687675858187954,Up
kotakbank,2017-10-25,5.502180164702807,-0.05184142622566268,Down
sbin,2017-10-25,20.001566380364988,0.27687168402436635,Up
hdfcbank,2017-10-26,5.7638782921718965,0.00011142061281343985,Up
bhartiartl,2017-11-01,11.890194139837654,0.08427192276749795,Up
titan,2017-11-06,17.136322941797346,0.18787419477074652,Up
sbin,2017-11-10,6.151156471217677,0.0632770162575711,Up
kotakbank,2017-12-15,5.701182718704732,0.005123200780678294,Up
sunpharma,2017-12-27,6.2998098029370695,0.06465915388878618,Up
itc,2018-02-01,6.230097837113622,0.014369933677229385,Up
sunpharma,2018-02-21,5.051315405993569,-0.06032171581769441,Down
tcs,2018-03-13,38.206113175656625,-0.05419042002489993,Down
titan,2018-03-28,5.454868545432075,-0.00010611205432942139,Down
tcs,2018-04-20,6.8848161038893245,0.0661820005013789,Up
axisbank,2018-04-27,8.98290706230686,0.0920506329113926,Up
kotakbank,2018-05-02,5.091249580926854,0.03777869529314626,Up
icicibank,2018-05-08,5.175846819815622,0.06728778467908891,Up
asianpaint,2018-05-11,7.06717152673035,0.05645889792231262,Up
bajfinance,2018-05-17,6.951751170986805,0.07630208333333344,Up
ongc,2018-05-24,8.358837885918676,-0.043899657924743485,Down
hdfcbank,2018-05-31,7.817335669904498,0.04442491700839679,Up
ntpc,2018-05-31,6.5896207760721826,0.01379310344827589,Up
sunpharma,2018-06-08,7.193523518083108,0.08081841432225056,Up
tcs,2018-06-15,5.2908513111941495,0.02936980783754306,Up
hdfcbank,2018-06-28,6.191454783713771,0.008614976805831898,Up
tcs,2018-07-11,9.82755166599766,0.05589035251453267,Up
infy,2018-07-16,5.306521382719786,0.011689691817215575,Up
hindunilvr,2018-07-17,5.5795232526793255,-0.03971448965024982,Down
bajfinance,2018-07-20,6.711252302605038,0.07976190476190492,Up
asianpaint,2018-07-25,5.58763900833645,-0.011991142905808161,Down
itc,2018-07-27,8.370369209793406,0.053447075208913786,Up
sbin,2018-08-10,6.566596166491123,-0.04080025204788906,Down
sunpharma,2018-08-14,5.648363346368727,0.06721049831530412,Up
lt,2018-08-20,5.814250452917899,0.06737088255452961,Up
bajfinance,2018-09-24,5.808875957385632,-0.05001050640890936,Down
kotakbank,2018-10-01,5.431972600585473,-0.01708278580814715,Down
ongc,2018-10-05,6.38372937433269,-0.14704176334106722,Down
asianpaint,2018-10-23,7.687686376109661,-0.051607797400866406,Down
bajfinance,2018-10-24,5.481990715232006,0.10993759001440218,Up
ntpc,2018-10-25,18.248524009981438,-0.004782928623988214,Down
sunpharma,2018-11-27,7.308992465300531,-0.033088595203132565,Down
ntpc,2018-11-29,5.274503529419519,-0.008364700961940641,Down
kotakbank,2018-12-07,12.576736235437012,0.08430417284473624,Up
ongc,2018-12-27,5.3497888331531644,0.02114597544338337,Up
sunpharma,2019-01-18,12.380131751164564,-0.0839291993904584,Down
axisbank,2019-01-30,5.382427010398972,0.045705637533106414,Up
icicibank,2019-01-31,5.125806361930744,-0.003962831374692555,Down
ntpc,2019-01-31,5.541769982951397,0.006920415224913601,Up
kotakbank,2019-02-22,38.14255808775755,-0.03975179367849535,Down
ongc,2019-02-28,5.673804654242833,0.00439189189189193,Up
hdfcbank,2019-03-13,6.783774008167156,0.02561031782588663,Up
ntpc,2019-03-22,5.270488252348312,0.041779497098646035,Up
hdfcbank,2019-04-10,11.353181532971975,-0.021860790486183945,Down
ongc,2019-04-25,12.756535197175259,0.0011858879335902017,Up
tatasteel,2019-04-26,5.096013669447778,0.06653620352250478,Up
sunpharma,2019-05-13,5.080769528200775,-0.09057681324957167,Down
bajfinance,2019-05-17,5.094305406636593,0.061414790996784596,Up
sunpharma,2019-05-29,5.850772146381018,0.026771653543307128,Up
bajfinance,2019-07-09,5.021342123369746,0.055669498974509235,Up
titan,2019-07-09,12.920787223446437,-0.12255978282566171,Down
asianpaint,2019-07-24,7.340487421656583,0.037814391156819616,Up
bajfinance,2019-07-25,8.523960594838034,-0.040018906570033264,Down
axisbank,2019-07-31,7.92152374947934,-0.04734313171283211,Down
bhartiartl,2019-08-02,5.505388559173304,0.060666872491509816,Up
reliance,2019-08-13,6.333703786085277,0.09697960588589627,Up
bhartiartl,2019-08-27,6.317884671943293,-0.0342437266047414,Down
sunpharma,2019-09-04,5.322169801153943,-0.02936155684533981,Down
hdfcbank,2019-09-20,6.699472621968418,0.08955495004541314,Up
itc,2019-09-20,6.4783022455005455,0.005703422053231932,Up
axisbank,2019-10-01,5.612730043982021,-0.008540145985401537,Down
bhartiartl,2019-10-10,9.527037267506605,0.049666110183639534,Up
tcs,2019-10-11,5.401165706967457,-0.00878046346878203,Down
infy,2019-10-22,12.471183349259064,-0.16188057563326175,Down
bhartiartl,2019-10-29,5.937617464828663,-0.04065040650406504,Down
titan,2019-11-06,9.935831920778915,-0.0994703224801371,Down
bhartiartl,2019-11-15,9.264226406857354,0.08427586206896565,Up
icicibank,2019-11-26,12.74862750922601,0.025914021695460088,Up
bhartiartl,2019-12-02,6.751119548021285,0.03650129958187365,Up
ntpc,2020-01-31,8.35499309419855,-0.0070391553013638974,Down
ongc,2020-01-31,10.778878917107322,-0.05752595155709339,Down
itc,2020-02-03,7.995699038769347,-0.11715926004677868,Down
sunpharma,2020-03-04,5.954557155883459,0.030237580993520474,Up
ongc,2020-03-09,6.266088492751252,-0.15762711864406787,Down
asianpaint,2020-03-12,5.548100741997107,-0.020978835276309837,Down
hdfcbank,2020-03-13,5.407090117915977,0.0474884950553216,Up
ntpc,2020-03-18,6.743012103644129,-0.08569807037457433,Down
bajfinance,2020-03-19,7.1509946278585135,-0.10290754655341394,Down
itc,2020-03-19,6.180695247691442,0.07398805573988065,Up
icicibank,2020-03-20,5.5063020743632505,0.021119480135873614,Up
axisbank,2020-03-24,5.819742863313878,-0.017819536692046056,Down
lt,2020-03-25,5.21953471477396,0.08172058200310772,Up
bajfinance,2020-04-07,6.837994021227979,0.020611551528878946,Up
hindunilvr,2020-04-15,12.495333457500424,0.0601333929979333,Up
hindunilvr,2020-05-07,63.28761755432467,-0.009028952343050456,Down
ongc,2020-06-25,5.9022115066948615,-0.018050541516245522,Down
infy,2020-07-16,10.25500797389658,0.09633551958601605,Up
ntpc,2020-08-17,8.671114371969928,0.07805429864253388,Up
bhartiartl,2020-08-31,13.776228961292981,-0.019772662145381648,Down
ongc,2020-08-31,5.774489733292161,0.01991288114499068,Up
bhartiartl,2020-09-23,5.424729614518616,-0.07888310861025583,Down
tcs,2020-10-08,5.003972063769424,0.03280396206071012,Up
kotakbank,2020-10-27,9.480503410359649,0.12050105857445326,Up
bhartiartl,2020-10-28,6.167040611857417,0.042690665743625233,Up
ntpc,2020-11-03,5.218697567301722,-0.03643497757847536,Down
sunpharma,2020-11-04,5.623002442472245,0.03922981878088949,Up
kotakbank,2020-11-27,17.19774258951899,0.009528851244044345,Up
ntpc,2020-11-27,7.798526658635783,0.006376195536663243,Up
ongc,2020-12-11,7.285433164296476,0.056192034915439004,Up
bhartiartl,2021-01-13,5.436891466422476,0.022094564737074718,Up
bhartiartl,2021-02-26,11.316954539969663,-0.03945437278770614,Down
asianpaint,2021-05-14,6.527718497964056,0.08540020342696208,Up
reliance,2021-06-24,5.895801790641333,-0.02348886772774683,Down
asianpaint,2021-07-20,5.946216746327469,0.059390667180871715,Up
sunpharma,2021-07-30,9.341988810292252,0.10092460881934562,Up
bhartiartl,2021-08-05,8.445947820390348,0.042305013927576685,Up
hindunilvr,2021-08-20,5.093005356094126,0.05363930733492883,Up
bhartiartl,2021-08-31,6.662823133853608,0.07027157708115062,Up
kotakbank,2021-09-08,5.295579902812,0.028615951267884965,Up
bhartiartl,2021-09-15,5.482894454157102,0.04508787093056754,Up
itc,2021-09-16,9.331425162469538,0.06828703703703698,Up
maruti,2021-09-27,5.1677386658907,0.06489985256571607,Up
ntpc,2021-09-29,7.772799430140404,0.06593406593406614,Up
sunpharma,2021-09-29,6.591662096868826,0.04670365114178798,Up
ongc,2021-10-05,9.145395820954016,0.10873983739837412,Up
titan,2021-10-07,8.259901980445484,0.10602286219821666,Up
tcs,2021-10-11,5.799382921556033,-0.06353461308805408,Down
asianpaint,2021-10-21,5.9002100057053575,-0.05287733467945477,Down
icicibank,2021-10-25,9.515277399830273,0.10852100618991178,Up
axisbank,2021-10-27,6.025944335833568,-0.06461575008908416,Down
sunpharma,2021-11-02,6.252037325055445,0.0044345898004434225,Up
lt,2021-11-03,6.329900333406306,0.04067413873819281,Up
asianpaint,2022-03-04,7.790157789903299,-0.046571955848044855,Down
ongc,2022-03-07,9.310035232377963,0.13131618759455366,Up
kotakbank,2022-03-24,7.701907230564143,-0.031360361632998934,Down
hdfcbank,2022-04-04,6.8070996819100875,0.100132802124834,Up
ntpc,2022-04-18,6.811586011869216,0.060084443000974375,Up
bhartiartl,2022-05-31,7.434818918608449,0.0016450897646806961,Up
kotakbank,2022-05-31,5.207370014629845,-0.029686063312754363,Down
ntpc,2022-05-31,7.988503322420825,0.03379721669980107,Up
sunpharma,2022-05-31,8.949106939989445,-0.03118315884273326,Down
titan,2022-05-31,5.524403737156187,-0.017686954208963157,Down
ongc,2022-06-29,8.414733964587667,0.03213927017073992,Up
reliance,2022-07-01,5.121865094081691,-0.07200647249190939,Down
bajfinance,2022-07-28,5.6462201220603045,0.10639462163852409,Up
tatasteel,2022-07-28,16.369837420080497,0.04585721730067727,Up
tatasteel,2022-08-12,10.288798169123181,0.03253895508707627,Up
tatasteel,2022-08-29,5.702938275794368,-0.023288309268747143,Down
bhartiartl,2022-09-07,21.15339497460476,-0.010706075533661763,Down
axisbank,2022-10-21,6.934351653610898,0.09027063025973225,Up
kotakbank,2022-12-08,6.530925519582678,-0.007585665707559586,Down
bajfinance,2023-01-05,6.071821064362636,-0.07167858773398272,Down
bhartiartl,2023-01-11,6.439936333394695,-0.0344327426373211,Down
itc,2023-02-01,7.710678450776562,0.025684688519937326,Up
kotakbank,2023-03-14,5.044825454004412,-0.015382317801672762,Down
itc,2023-03-17,5.094062324337193,-0.015467295844802664,Down
ntpc,2023-03-17,5.009906820518084,-0.014755011135857532,Down
infy,2023-04-17,8.689360581130769,-0.0942268931759287,Down
lt,2023-05-11,5.014458561090438,-0.05172450252701466,Down
bhartiartl,2023-05-31,11.193456401446383,0.03842629360376315,Up
kotakbank,2023-05-31,23.173662549287577,0.020002531966071713,Up
ongc,2023-05-31,9.676278678294622,-0.024866225999370384,Down
bajfinance,2023-07-04,5.437308496970243,0.07193508795854364,Up
infy,2023-07-21,7.534857041238542,-0.08133839254915498,Down
ntpc,2023-08-01,6.767020670283738,0.031142660865582927,Up
lt,2023-09-12,5.233209906653954,0.01724137931034475,Up
bajfinance,2023-11-16,5.823700845815237,0.019172203765227103,Up
tcs,2023-12-15,5.076209516669344,0.052832503919830964,Up
ongc,2023-12-20,5.973250935928728,0.014478282576135593,Up
infy,2024-01-12,6.055410909738634,0.07934011511176542,Up
ongc,2024-01-15,5.35662074797079,0.04521038495971341,Up
hdfcbank,2024-01-17,6.1511906294516265,-0.08438542162934737,Down
lt,2024-01-31,5.7692665943533346,-0.04226185561335427,Down
itc,2024-03-13,8.443246119147302,0.04450488317468171,Up
kotakbank,2024-04-25,14.823354028752734,-0.10866910866910873,Down
bajfinance,2024-04-26,5.022264851367564,-0.0773132282385195,Down
titan,2024-05-06,8.21900236311607,-0.0718045219162965,Down
lt,2024-05-09,5.45660259288897,-0.06062778725784024,Down
sunpharma,2024-05-23,5.4812652529567085,-0.028714350678880063,Down
infy,2024-05-31,5.496080206386141,-0.014396301096360586,Down
tcs,2024-05-31,5.3021422119826145,-0.017437970075747433,Down
ntpc,2024-06-04,6.14736524882029,-0.15454313425216948,Down
ongc,2024-06-04,5.293084213791005,-0.16825061598028868,Down
sbin,2024-06-04,7.7450095946240864,-0.14404019212720143,Down
hindunilvr,2024-06-05,5.867515269439161,0.04264311180547198,Up
bhartiartl,2024-06-21,6.90733577741844,0.02526879774101287,Up
tcs,2024-07-12,6.803052045058027,0.06632770089456375,Up
titan,2024-07-23,5.331685312094487,0.06526448401419604,Up
bhartiartl,2024-08-30,6.3043705179608285,0.01478383038508202,Up
hdfcbank,2024-08-30,11.043844729740906,-0.0010374710118392638,Down
icicibank,2024-09-20,5.855035422005989,0.035952012383901,Up
hindunilvr,2024-10-24,5.9661268975776585,-0.057985184070996176,Down
asianpaint,2024-11-11,9.250306079384247,-0.08173102962682122,Down
hdfcbank,2024-11-25,15.57266229272088,0.0229147571035746,Up
icicibank,2024-12-20,5.062506366953415,0.0011655917320692044,Up
bajfinance,2025-01-30,6.703409802916382,0.018234536082474273,Up
icicibank,2025-03-21,6.882174188603619,0.016191268820458404,Up
bhartiartl,2025-05-16,16.09845397372724,-0.028491859468723235,Down
itc,2025-05-28,31.12070337641969,-0.03157409541368972,Down
bajfinance,2025-06-16,6.462975295984849,0.005251312828207011,Up
ntpc,2025-06-24,8.70892448231883,-0.007967528562838333,Down
bajfinance,2025-06-30,5.280604059746559,-0.011087645195353768,Down
titan,2025-07-08,5.593588193126951,-0.06131856741496411,Down
bajfinance,2025-07-14,5.534718042675161,-0.015693626138189587,Down
axisbank,2025-07-18,6.922250573508709,-0.05216416623555786,Down
lt,2025-07-30,5.76194815491766,0.048489529694472955,Up
bhartiartl,2025-08-08,18.107856497120828,-0.03328825548736092,Down
maruti,2025-08-18,8.198195833143101,0.08750773036487325,Up
asianpaint,2025-08-26,7.663957396533939,-0.004613101207429082,Down
titan,2025-09-26,11.936864015534917,-0.015154654432440351,Down
asianpaint,2025-11-06,6.191432995250604,0.04672859613141922,Up
bhartiartl,2025-11-07,15.364892668226888,-0.04472767196524896,Down
asianpaint,2025-11-24,6.949659160613087,0.0009038448167975055,Up
bhartiartl,2025-11-26,8.504334203778786,-0.016099185788304826,Down
asianpaint,2025-12-30,6.160949852939771,-0.0061612740505873065,Down
itc,2026-01-01,29.056340584617747,-0.0971464019851116,Down
titan,2026-01-07,5.036720111788179,0.03925288194951104,Up
kotakbank,2026-01-16,7.225344853514431,-0.0066508313539193065,Down
axisbank,2026-01-27,5.1519821040894955,0.04594594594594592,Up
maruti,2026-01-28,5.479843332555184,-0.024139061987536903,Down
ongc,2026-01-28,10.019807231789493,0.08320225851986285,Up
kotakbank,2026-02-02,5.545317009526655,0.0023327194597912992,Up
itc,2026-02-06,6.01197921690802,0.05029013539651839,Up
infy,2026-02-13,6.648000331051787,-0.012193362193362312,Down
ongc,2026-03-02,5.89064256507674,0.008938148015731118,Up
lt,2026-03-13,5.6537528583533945,-0.075413362011023,Down
hdfcbank,2026-03-19,5.461813305327591,-0.053199691595990695,Down
sunpharma,2026-04-27,9.722844471144843,0.06979758084423593,Up
titan,2026-05-08,5.49787011743696,0.04677887405687753,Up
bajfinance,2026-05-29,5.812391586655119,-0.02459324491220527,Down
bhartiartl,2026-05-29,5.319735949847913,-0.012525645178706468,Down
hindunilvr,2026-05-29,10.029096446993856,-0.020423944687045115,Down
infy,2026-05-29,5.738460800476451,0.0008621432882145452,Up
hindunilvr,2026-07-28,6.677203621300615,-0.06985192679113394,Down
bajfinance,2026-07-31,5.217656373703259,0.08324632178452784,Up
